,customerID,email,promocode
1,2185,sureshravi@gmail.com,off3
15,1215,sureshravi@gmail.com,off3
16,1646,sureshravi@gmail.com,off2
18,2432,sureshravi@gmail.com,off3
19,2845,sureshravi@gmail.com,off3
21,1264,sureshravi@gmail.com,off1
28,2878,sureshravi@gmail.com,off1
31,2117,sureshravi@gmail.com,off3
40,2614,sureshravi@gmail.com,off3
41,1340,sureshravi@gmail.com,off1
49,827,sureshravi@gmail.com,off3
50,355,sureshravi@gmail.com,off3
52,162,sureshravi@gmail.com,off3
53,996,sureshravi@gmail.com,off2
54,835,sureshravi@gmail.com,off3
58,118,sureshravi@gmail.com,off3
68,649,sureshravi@gmail.com,off3
72,1955,sureshravi@gmail.com,off3
74,174,sureshravi@gmail.com,off2
75,2880,sureshravi@gmail.com,off1
77,1250,sureshravi@gmail.com,off3
78,464,sureshravi@gmail.com,off3
80,224,sureshravi@gmail.com,off3
91,2263,sureshravi@gmail.com,off3
92,651,sureshravi@gmail.com,off3
96,410,sureshravi@gmail.com,off3
98,688,sureshravi@gmail.com,off3
104,1808,sureshravi@gmail.com,off3
105,2517,sureshravi@gmail.com,off3
109,1640,sureshravi@gmail.com,off3
110,411,sureshravi@gmail.com,off3
117,1949,sureshravi@gmail.com,off3
124,2264,sureshravi@gmail.com,off3
127,774,sureshravi@gmail.com,off3
130,496,sureshravi@gmail.com,off3
131,2380,sureshravi@gmail.com,off2
135,354,sureshravi@gmail.com,off3
139,127,sureshravi@gmail.com,off3
143,1917,sureshravi@gmail.com,off2
147,2337,sureshravi@gmail.com,off3
148,772,sureshravi@gmail.com,off3
151,2087,sureshravi@gmail.com,off3
153,275,sureshravi@gmail.com,off3
159,228,sureshravi@gmail.com,off3
163,211,sureshravi@gmail.com,off3
164,2168,sureshravi@gmail.com,off3
165,54,sureshravi@gmail.com,off3
166,2096,sureshravi@gmail.com,off3
168,2832,sureshravi@gmail.com,off3
169,2209,sureshravi@gmail.com,off3
174,2162,sureshravi@gmail.com,off3
176,586,sureshravi@gmail.com,off3
180,105,sureshravi@gmail.com,off1
186,2407,sureshravi@gmail.com,off3
188,2406,sureshravi@gmail.com,off3
196,2270,sureshravi@gmail.com,off3
199,1687,sureshravi@gmail.com,off3
200,382,sureshravi@gmail.com,off3
201,1339,sureshravi@gmail.com,off3
206,2449,sureshravi@gmail.com,off3
209,1074,sureshravi@gmail.com,off3
210,2106,sureshravi@gmail.com,off3
214,65,sureshravi@gmail.com,off3
217,2472,sureshravi@gmail.com,off2
222,938,sureshravi@gmail.com,off3
227,1473,sureshravi@gmail.com,off3
233,2245,sureshravi@gmail.com,off3
249,858,sureshravi@gmail.com,off3
256,1310,sureshravi@gmail.com,off3
259,1033,sureshravi@gmail.com,off3
268,2838,sureshravi@gmail.com,off3
269,856,sureshravi@gmail.com,off1
271,1994,sureshravi@gmail.com,off3
284,111,sureshravi@gmail.com,off2
285,934,sureshravi@gmail.com,off3
287,1773,sureshravi@gmail.com,off3
288,1162,sureshravi@gmail.com,off3
292,2049,sureshravi@gmail.com,off3
295,386,sureshravi@gmail.com,off3
298,2429,sureshravi@gmail.com,off2
301,1809,sureshravi@gmail.com,off3
306,1559,sureshravi@gmail.com,off3
307,40,sureshravi@gmail.com,off3
310,2630,sureshravi@gmail.com,off3
311,819,sureshravi@gmail.com,off3
316,1211,sureshravi@gmail.com,off3
324,1580,sureshravi@gmail.com,off3
329,1256,sureshravi@gmail.com,off3
330,239,sureshravi@gmail.com,off3
333,2888,sureshravi@gmail.com,off3
334,1968,sureshravi@gmail.com,off2
344,2816,sureshravi@gmail.com,off3
348,2925,sureshravi@gmail.com,off3
350,1928,sureshravi@gmail.com,off2
354,366,sureshravi@gmail.com,off3
360,1737,sureshravi@gmail.com,off3
370,2940,sureshravi@gmail.com,off3
372,9,sureshravi@gmail.com,off2
375,928,sureshravi@gmail.com,off3
377,612,sureshravi@gmail.com,off3
388,167,sureshravi@gmail.com,off3
389,2721,sureshravi@gmail.com,off3
400,1791,sureshravi@gmail.com,off3
401,1179,sureshravi@gmail.com,off3
402,2247,sureshravi@gmail.com,off3
407,1307,sureshravi@gmail.com,off1
409,1702,sureshravi@gmail.com,off1
417,1929,sureshravi@gmail.com,off3
423,547,sureshravi@gmail.com,off2
437,1619,sureshravi@gmail.com,off3
438,1506,sureshravi@gmail.com,off3
440,2040,sureshravi@gmail.com,off3
441,261,sureshravi@gmail.com,off3
442,1985,sureshravi@gmail.com,off3
446,1342,sureshravi@gmail.com,off3
448,892,sureshravi@gmail.com,off2
450,1174,sureshravi@gmail.com,off3
452,1835,sureshravi@gmail.com,off3
454,1732,sureshravi@gmail.com,off3
459,1397,sureshravi@gmail.com,off1
470,2208,sureshravi@gmail.com,off3
476,1645,sureshravi@gmail.com,off2
478,1177,sureshravi@gmail.com,off3
479,1652,sureshravi@gmail.com,off3
482,1216,sureshravi@gmail.com,off3
484,1349,sureshravi@gmail.com,off3
488,1999,sureshravi@gmail.com,off3
490,181,sureshravi@gmail.com,off3
492,1891,sureshravi@gmail.com,off3
495,186,sureshravi@gmail.com,off3
497,2301,sureshravi@gmail.com,off2
503,1112,sureshravi@gmail.com,off3
518,1015,sureshravi@gmail.com,off3
527,1060,sureshravi@gmail.com,off3
531,1722,sureshravi@gmail.com,off3
532,1325,sureshravi@gmail.com,off3
536,185,sureshravi@gmail.com,off3
539,178,sureshravi@gmail.com,off3
543,2998,sureshravi@gmail.com,off1
545,1440,sureshravi@gmail.com,off3
548,843,sureshravi@gmail.com,off3
550,1219,sureshravi@gmail.com,off3
553,2367,sureshravi@gmail.com,off3
558,1479,sureshravi@gmail.com,off2
566,659,sureshravi@gmail.com,off3
571,967,sureshravi@gmail.com,off3
579,2215,sureshravi@gmail.com,off3
583,1743,sureshravi@gmail.com,off3
589,544,sureshravi@gmail.com,off3
602,2033,sureshravi@gmail.com,off3
603,1487,sureshravi@gmail.com,off3
605,1859,sureshravi@gmail.com,off3
606,1402,sureshravi@gmail.com,off3
607,1905,sureshravi@gmail.com,off2
609,1160,sureshravi@gmail.com,off3
610,2757,sureshravi@gmail.com,off3
612,409,sureshravi@gmail.com,off3
613,1459,sureshravi@gmail.com,off3
619,259,sureshravi@gmail.com,off3
621,723,sureshravi@gmail.com,off3
628,802,sureshravi@gmail.com,off3
629,1927,sureshravi@gmail.com,off2
635,2481,sureshravi@gmail.com,off1
637,1986,sureshravi@gmail.com,off3
639,1784,sureshravi@gmail.com,off3
643,2005,sureshravi@gmail.com,off3
647,831,sureshravi@gmail.com,off1
649,1665,sureshravi@gmail.com,off2
668,2712,sureshravi@gmail.com,off3
669,1884,sureshravi@gmail.com,off2
670,1608,sureshravi@gmail.com,off3
671,2086,sureshravi@gmail.com,off2
674,2780,sureshravi@gmail.com,off3
679,1209,sureshravi@gmail.com,off3
682,2205,sureshravi@gmail.com,off1
685,661,sureshravi@gmail.com,off3
686,1186,sureshravi@gmail.com,off3
689,454,sureshravi@gmail.com,off3
691,894,sureshravi@gmail.com,off3
697,1656,sureshravi@gmail.com,off3
699,636,sureshravi@gmail.com,off1
708,2084,sureshravi@gmail.com,off3
709,2922,sureshravi@gmail.com,off3
712,6,sureshravi@gmail.com,off3
714,479,sureshravi@gmail.com,off3
716,2034,sureshravi@gmail.com,off3
717,2484,sureshravi@gmail.com,off2
718,2062,sureshravi@gmail.com,off3
721,5,sureshravi@gmail.com,off3
722,1697,sureshravi@gmail.com,off3
724,1996,sureshravi@gmail.com,off3
725,2908,sureshravi@gmail.com,off3
737,2522,sureshravi@gmail.com,off2
740,970,sureshravi@gmail.com,off3
741,208,sureshravi@gmail.com,off3
742,706,sureshravi@gmail.com,off3
746,1182,sureshravi@gmail.com,off3
